Title Name,Address,Phone Number
Best AutoCAD Institute in Indore - DCICI,"G 101-104 Design Centre Building Behind Veda Building, Bhawarkua Main Rd, near Gyani's Resturant, Indore, Madhya Pradesh 452001",087706 05268
"Balaji Tutorials® | IP-MAT,CAT,CMAT,CUET,DAVV-CET,PNST,NEET,11th,12th,","221,Veda Business Park Bhawarkua Square, Madhya Pradesh 452001",098930 53653
PROGRAMMERS POINT,"1st Floor, GD Prime, Bhawarkua Main Rd, opposite Petrol Pump NEXA showroom, Indore, Madhya Pradesh 452001",079742 50782
IIC - Indore Institute of Computers(C/C++) By Shashank Sir,"201, Shri Balaji Heights, 5-B, Gita Bhawan Rd, above Ashirwad Bhojnalay, Rajgarh Kothi, Sqr, Indore, Madhya Pradesh 452001",083700 00690
LIVEWIRE INDORE,"#206, 2nd Floor, Fortune Aura Business park ( Kyro Building 1, Gurmeet Nagar, Bhanwarkua Main Road Landmark- Above Nexa Car Showroom, near Apple hospital, Indore, Madhya Pradesh 452014",
Universal Informatics,"Abhay Prashal Building, B-WING, Race Course Rd, opp. IDA Building, Indore, Madhya Pradesh 452003",0731 243 1972
MCU College Indore | Admission Open | July22-23 | Msc(Computer sc) | BCA | Bcom(Computer Application ),"2nd FLOOR 203 ALANKAR POINT GEETA BHAWAN SUQARE, AB Rd, Indore, Madhya Pradesh 452001",098260 10276
IOTA ACADEMY | Data Analytics & Placement Training Institute | Best Rated Institute in Indore,"2nd Floor, AB Rd, above Central Coffee House, opp. Sky Heights, Navlakha, Angad Kapoor Region, Chouraha, Indore, Madhya Pradesh 452001",078696 64602
Vidyut Singhai Classes,"21, 10, near G.Sacchanand Kala Mandir, Vijay Nagar, Indore, Madhya Pradesh 452001",093017 70335
"Samyak Classes, Indore","104, 2nd Floor, Shagun Tower, AB Rd, above Apna Sweets, Near C21 Mall, Near Vijay Nagar Square, Indore, Madhya Pradesh 452010",095227 39800
Programming World By Pankaj Wadhwani,"182, Greater Vaishali Nagar, Indore, Madhya Pradesh 452009",074155 59991
Best Ethical Hacking | Programming Institute in Indore India | Hakimi Infosec,"351, Saifee Nagar Main Rd, Transport Nagar, Indore, Madhya Pradesh 452001",087180 00520
SSi Digital Academy,"11, Bhawarkua Main Rd, Professor Colony, Indore, Madhya Pradesh 452014",088890 83030
Prestige Point,"Rafael Tower, 403-404, Greater Kailash Road, Near Saket Square, New Palasia, Indore, Madhya Pradesh 452001",083193 38570
Softwaves Technologies,"Shagun Arcade, Office No. 414, P4, Ground, AB Rd, Near C21 Mall, Near Vijay Nagar Square, Scheme 54 PU4, Indore, Madhya Pradesh 452011",097703 97704
CTL Academy (Coden Technology Learning),"Gold Coin Plaza, Coden Technology Learning (CTL Indore 206, above Union Bank, near Reliance Digital, Tower Square, Indore, Madhya Pradesh 452001",089894 52663
"Online School of Programming, Python, Data Science, Java, Full Stack, Cloud, Testing, Selenium, C, C++ Training in Indore","Kohinoor Tower, Shop no-218, First Floor, Jawahar Marg, North Rajmohalla, Indore, Madhya Pradesh 452002",098270 44222
CodeMantra - java classes in Indore,"109 Orange Business Park Above MacDonald, Bhawarkua Main Rd, near Apple Hospital, Indore, Madhya Pradesh 452001",089594 90906
IT Training Indore,"Office No. 217-218, 3rd Floor, Onam Plaza, Beside Industry House, Infront of iBus Stop, New Palasia, Indore, Madhya Pradesh 452001",090091 42926
Placements Adda | IT Training Institute Indore,"5, Vishnu Puri, 103, Sukhmani Apartment, Above Union Bank AB Road, Bhawarkua Main Rd, Indore, Madhya Pradesh 452014",096447 04844
Coding with Shikhar,"B11 Flat, 502, Treasure Fantasy Main Rd, RRCAT, Indore, Madhya Pradesh 453331",
Infoviaan Technolgies,"21, 10, Vijay Nagar, Indore, Madhya Pradesh 452010",070492 90123
